name,game_x,game_y,page_lat,page_lon
"Aeropark",-5081.8,-2026.8,47.397543,19.235936
"Aeropark",-5076,-2027.8,47.397599,19.235915
"Aeropark",-5069.4,-2028.7,47.397662,19.235888
"Aeropark",-5062.2,-2030.8,47.397735,19.235871
"Aeropark",-5055.3,-2031.8,47.397801,19.235844
"Aeropark",-5048.3,-2032.9,47.397868,19.235817
"Airport Hotel Budapest",-4815.8,-436.7,47.393039,19.215271
"Airport Hotel Stáció",-5791.1,479,47.380332,19.209412
"Alacskai úti lakótelep (182, 282E)",-1981.9,1471.2,47.408935,19.175861
"Dél-Pesti autóbuszgarázs (900, 980)",359.8,2683.8,47.422355,19.146837
"Dél-Pesti autóbuszgarázs (csuklós)",459.1,2831.9,47.422357,19.144348
"Dél-Pesti autóbuszgarázs (csuklós)",500,2830.6,47.422696,19.144111
"Dél-Pesti autóbuszgarázs (csuklós)",588.8,2825,47.423445,19.143628
"Dél-Pesti autóbuszgarázs (csuklós)",678.8,2807,47.424270,19.143292
"Dél-Pesti autóbuszgarázs (csuklós)",712.5,2827.1,47.424432,19.142826
"Dél-Pesti autóbuszgarázs (szóló)",468.4,2812.2,47.422540,19.144541
"Dél-Pesti autóbuszgarázs (szóló)",500.1,2810.5,47.422806,19.144365
"Dél-Pesti autóbuszgarázs (szóló)",541,2806.6,47.423159,19.144160
"Dél-Pesti autóbuszgarázs (szóló)",553.2,2805.5,47.423263,19.144098
"Dél-Pesti autóbuszgarázs (szóló)",570,2686.7,47.424050,19.145493
"Dél-Pesti autóbuszgarázs (szóló)",640.2,2788.7,47.424059,19.143767
"Dél-Pesti autóbuszgarázs (szóló)",663.7,2769.6,47.424354,19.143861
"Dél-Pesti autóbuszgarázs (szóló)",703,2770.8,47.424665,19.143599
"Ferihegy vasútállomás (50VP)",-2039.9,-1019.8,47.420233,19.205845
"Ganztelep, Mednyánszky utca (193E)",-3338.7,-519.9,47.406496,19.207813
"Gilice tér (182A)",-9.8,1406.7,47.426166,19.164597
"Határ út M (200E)",4765.4,1312.5,47.464126,19.127655
"Határ út M (M3 metrópótló)",4914.7,1343.3,47.465026,19.125844
"Határ út M (M3 metrópótló)",4961.2,1329.8,47.465498,19.125517
"Ibis Hotel - Határ út M",4943.3,1335.5,47.465312,19.125636
"Kada utca / Maglódi út (28-37VP)",5421.6,-1116.3,47.484347,19.159152
"Kőbánya-Kispest M (100a vonat-, M3 metrópótló)",3552.1,341.8,47.462693,19.150322
"Kőbánya-Kispest M (100a vonat-, M3 metrópótló)",3556.8,349.2,47.462680,19.150166
"Kőbánya-Kispest M (182, 184)",3600.2,392.8,47.462720,19.149108
"Kőbánya-Kispest M (182A)",3606.6,395.6,47.462751,19.149004
"Kőbánya-Kispest M (193E)",3609.8,412.6,47.462643,19.148739
"Kőbánya-Kispest M (200E)",3576.8,383.6,47.462593,19.149472
"Kőbánya-Kispest M (282E, 284E)",3588.7,388.3,47.462658,19.149287
"Kőbánya-Kispest M (576, 577, 578)",3742,443.1,47.463448,19.146809
"Kőbánya-Kispest M (85, 85E)",3677,415.1,47.463166,19.147978
"Kőbánya-Kispest M (85, 85E)",3692.2,421.8,47.463232,19.147710
"Kőbánya-Kispest M (98E)",3636.5,397.7,47.462981,19.148662
"Kőbánya-Kispest M (Regina tároló)",4024.3,492.5,47.465301,19.142793
"Kőbánya-Kispest M (Regina tároló)",4057.7,527.5,47.465248,19.142048
"Kőbánya-Kispest M (Regina tároló)",4066.4,528.5,47.465307,19.141960
"Kőbánya-Kispest M (Regina tároló)",4073.8,530.7,47.465344,19.141871
"Kőbánya-Kispest M (Regina tároló)",4082.1,532.6,47.465391,19.141778
"Kőbánya-Kispest M (Regina tároló)",4105.4,526.9,47.465620,19.141656
"Kőbánya-Kispest M (Volán tároló)",3859.5,428.4,47.464534,19.145515
"Kőbánya-Kispest M (Volán tároló)",3875.8,431.7,47.464639,19.145265
"Kőbánya-Kispest M (tárolóhely)",3455.7,334.2,47.461848,19.151397
"Kőbánya-Kispest M (tárolóhely)",3460.8,336.7,47.461879,19.151310
"Kőbánya-Kispest M (tárolóhely)",3465.3,340.8,47.461893,19.151204
"Kőbánya-Kispest M (tárolóhely)",3470.9,332.2,47.462007,19.151277
"Liszt Ferenc Airport 2 (200E, 900)",-4285.2,-2751.3,47.407657,19.239941
"Liszt Ferenc Airport 2 (200E, 900)",-4275.2,-2722.1,47.407627,19.239535
"Pestszentimre, Benjámin utca (184, 284E)",-1018.8,3763.2,47.405488,19.141054
"Pestszentlörinc, Béke tér (50VP)",-2213.1,-167.4,47.414816,19.196893
"Pestszentlörinc, Szarvas csárda tér (183)",164,367.7,47.433029,19.175335
"Pestszentlörinc, Szarvas csárda tér (183)",185.1,367.7,47.433212,19.175191
"Rákoshegy vasútállomás (98E, 980)",-1259,-4190.6,47.439985,19.238161
"Rákoshegy vasútállomás (98E, 980)",-1213.8,-4163.1,47.440275,19.237538
"Szarvas csárda tér (50VP)",-14.4,468.7,47.430974,19.175407
"Szemeretelep vasútállomás (183)",-893,-822.2,47.429445,19.196108
"Vecsés, Erzsébet tér (576, 577, 578)",-6700.4,26,47.374306,19.219927
"Vecsés, Erzsébet tér (576, 577, 578)",-6678.7,54.7,47.374372,19.219455
"Vecsés, Erzsébet tér (576, 577, 578)",-6644.7,56.7,47.374664,19.219248
"Vecsés, Market Central Ferihegy (193E)",-5038,-1015.3,47.393609,19.223523
"Vecsés, vasútállomás (100a vonatpótló)",-6011,-489.2,47.382669,19.222529
"Vecsés, vasútállomás (100a vonatpótló)",-6005.3,-495.1,47.382745,19.222570
"Élessarok (3VP, 28-37VP)",6786.3,98.2,47.491490,19.139658
"Örs vezér tere M+H (3VP)",7935.1,198.4,47.501414,19.136323
"Örs vezér tere M+H (85, 85E)",7957.4,248.5,47.501531,19.135638
"Örs vezér tere M+H (hátsó pihenö)",7774.8,293.3,47.499902,19.135472
"Örs vezér tere M+H (hátsó pihenö)",7817.3,271.4,47.500298,19.135655